datetime,open,high,low,close,vol,volCcy,volCcyQuote,confirm
2023-05-08 16:00:00,0.37395,0.375,0.35314,0.36447,13045842.4923,4730316.882740432,4730316.882740432,0
2023-05-07 16:00:00,0.3809,0.38155,0.36219,0.37408,15130676.6182,5605792.810430456,5605792.810430456,1
2023-05-06 16:00:00,0.37626,0.3833,0.37549,0.38087,5438197.3652,2066997.388371277,2066997.388371277,1
2023-05-05 16:00:00,0.3926,0.39693,0.37342,0.37627,13727898.2307,5338796.126369035,5338796.126369035,1
2023-05-04 16:00:00,0.38909,0.39327,0.38244,0.39256,13247710.0604,5132339.21619374,5132339.21619374,1
2023-05-03 16:00:00,0.38097,0.39652,0.38017,0.38915,12430063.5734,4842375.416222419,4842375.416222419,1
2023-05-02 16:00:00,0.3899,0.39474,0.37839,0.38097,10026236.508,3873482.464902469,3873482.464902469,1
2023-05-01 16:00:00,0.38674,0.39147,0.38021,0.38994,11596083.5925,4468336.635453056,4468336.635453056,1
2023-04-30 16:00:00,0.40687,0.4149,0.38409,0.38674,15456753.5319,6086180.933348655,6086180.933348655,1
2023-04-29 16:00:00,0.40478,0.40887,0.39847,0.40686,7490532.2342,3014078.525769526,3014078.525769526,1
2023-04-28 16:00:00,0.40154,0.40767,0.401,0.40488,5538082.2608,2237301.144661216,2237301.144661216,1
2023-04-27 16:00:00,0.41353,0.41854,0.39691,0.40155,13112845.7472,5348400.288135186,5348400.288135186,1
2023-04-26 16:00:00,0.41497,0.41759,0.37771,0.41375,30583364.7516,12221422.423654185,12221422.423654185,1
2023-04-25 16:00:00,0.38003,0.41704,0.37928,0.41487,18774257.4464,7499112.044482174,7499112.044482174,1
2023-04-24 16:00:00,0.38634,0.38809,0.37613,0.38006,17805036.2428,6786196.133753946,6786196.133753946,1
2023-04-23 16:00:00,0.38553,0.39746,0.37966,0.3862,15399955.2922,5969678.248789519,5969678.248789519,1
2023-04-22 16:00:00,0.39635,0.39886,0.3833,0.38551,10070742.4658,3957881.357495388,3957881.357495388,1
2023-04-21 16:00:00,0.39786,0.39876,0.37893,0.39614,20421736.9642,7904614.165751512,7904614.165751512,1
2023-04-20 16:00:00,0.40654,0.40704,0.39537,0.39781,17627700.5431,7070290.606360774,7070290.606360774,1
2023-04-19 16:00:00,0.42095,0.42334,0.4054,0.40654,17484312.9613,7286332.042296999,7286332.042296999,1
2023-04-18 16:00:00,0.44138,0.44402,0.40637,0.42079,29017802.6608,12296938.655141228,12296938.655141228,1
2023-04-17 16:00:00,0.43414,0.4478,0.42768,0.44134,15115040.3983,6639743.190120228,6639743.190120228,1
2023-04-16 16:00:00,0.44739,0.45412,0.43236,0.43415,30387135.8637,13467906.678103204,13467906.678103204,1
2023-04-15 16:00:00,0.45585,0.45782,0.44233,0.44745,17088985.5028,7694179.37773934,7694179.37773934,1
2023-04-14 16:00:00,0.42707,0.46211,0.4263,0.45575,27904549.834,12414642.22332158,12414642.22332158,1
2023-04-13 16:00:00,0.41344,0.44404,0.41009,0.42717,54663403.7817,23588448.047201817,23588448.047201817,1
2023-04-12 16:00:00,0.40141,0.41724,0.39904,0.41347,22673133.131,9235430.862301076,9235430.862301076,1
2023-04-11 16:00:00,0.40533,0.40618,0.38862,0.40143,36277697.3502,14415386.78282204,14415386.78282204,1
2023-04-10 16:00:00,0.38862,0.41303,0.38718,0.40535,38570341.9059,15574371.222452157,15574371.222452157,1
2023-04-09 16:00:00,0.38809,0.39298,0.38471,0.38863,19501178.7167,7564203.622509497,7564203.622509497,1
2023-04-08 16:00:00,0.38736,0.38996,0.38242,0.38808,20200318.4141,7802540.509425373,7802540.509425373,1
2023-04-07 16:00:00,0.3841,0.39037,0.37975,0.38732,19441764.7968,7520602.044205944,7520602.044205944,1
2023-04-06 16:00:00,0.38461,0.38651,0.37557,0.38397,10632123.366,4054073.963101352,4054073.963101352,1
2023-04-05 16:00:00,0.3924,0.39475,0.37636,0.38453,31088244.6453,11927122.402479884,11927122.402479884,1
2023-04-04 16:00:00,0.38999,0.40003,0.38682,0.39243,23163466.6775,9125471.048690298,9125471.048690298,1
2023-04-03 16:00:00,0.38486,0.39999,0.37556,0.38999,57459533.9801,22484892.881775742,22484892.881775742,1
2023-04-02 16:00:00,0.37985,0.40489,0.37066,0.38483,59426643.221,23257430.666132229,23257430.666132229,1
2023-04-01 16:00:00,0.39289,0.39629,0.37708,0.37987,32091452.2319,12379574.185020218,12379574.185020218,1
2023-03-31 16:00:00,0.40632,0.40927,0.38808,0.3929,50771801.1727,20064162.323581689,20064162.323581689,1
2023-03-30 16:00:00,0.37595,0.40844,0.36975,0.40654,53973829.9846,21010171.315701383,21010171.315701383,1
2023-03-29 16:00:00,0.38441,0.3882,0.37229,0.37598,43044777.7838,16352964.964317402,16352964.964317402,1
2023-03-28 16:00:00,0.35835,0.38979,0.35438,0.38436,40027720.9525,15057681.86338964,15057681.86338964,1
2023-03-27 16:00:00,0.34329,0.36064,0.33857,0.35844,23258856.6504,8107844.288669071,8107844.288669071,1
2023-03-26 16:00:00,0.3557,0.35716,0.33655,0.34317,32257754.4439,11327184.632678068,11327184.632678068,1
2023-03-25 16:00:00,0.35957,0.3614,0.34851,0.35584,28783113.4803,10240076.26773922,10240076.26773922,1
2023-03-24 16:00:00,0.36226,0.36437,0.35274,0.35959,21486071.857,7736605.157905237,7736605.157905237,1
2023-03-23 16:00:00,0.37931,0.38079,0.35607,0.36238,32291366.8818,11862667.982869669,11862667.982869669,1
2023-03-22 16:00:00,0.37744,0.39,0.34898,0.37925,73543337.2607,26996210.902479975,26996210.902479975,1
2023-03-21 16:00:00,0.35047,0.3869,0.34945,0.37747,86851757.8806,32300150.163582517,32300150.163582517,1
2023-03-20 16:00:00,0.33901,0.35493,0.32914,0.35044,55913909.4272,19025682.209689998,19025682.209689998,1
2023-03-19 16:00:00,0.34561,0.35258,0.33446,0.33899,41567337.7313,14257083.093204138,14257083.093204138,1
2023-03-18 16:00:00,0.34475,0.3496,0.33509,0.34598,36347922.6447,12431437.382319982,12431437.382319982,1
2023-03-17 16:00:00,0.33462,0.35756,0.33303,0.34473,40485824.8881,14123055.481012104,14123055.481012104,1
2023-03-16 16:00:00,0.32672,0.3466,0.31937,0.3346,48276968.1083,16113038.538574697,16113038.538574697,1
2023-03-15 16:00:00,0.32702,0.32931,0.3158,0.32669,52707386.5084,17067040.918917775,17067040.918917775,1
2023-03-14 16:00:00,0.36453,0.36516,0.3241,0.32691,72614262.6922,24644125.674562156,24644125.674562156,1
2023-03-13 16:00:00,0.34615,0.36776,0.33756,0.36457,43784566.4839,15271027.034526307,15271027.034526307,1
2023-03-12 16:00:00,0.3027,0.35162,0.3022,0.3461,77306644.9331,25687950.096591461,25687950.096591461,1
2023-03-11 16:00:00,0.30311,0.30827,0.30138,0.30268,39703098.5933,12081501.93892106,12081501.93892106,1
2023-03-10 16:00:00,0.31336,0.32292,0.30283,0.30314,51469754.0303,16129978.884613622,16129978.884613622,1
2023-03-09 16:00:00,0.31856,0.31982,0.29761,0.31334,79873857.8364,24525370.428746362,24525370.428746362,1
2023-03-08 16:00:00,0.32529,0.32694,0.31305,0.31857,25487469.3562,8108756.729007938,8108756.729007938,1
2023-03-07 16:00:00,0.32768,0.33283,0.3167,0.32516,29263749.5343,9517324.023521506,9517324.023521506,1
2023-03-06 16:00:00,0.33587,0.33697,0.32074,0.32754,21025290.9629,6924234.611529975,6924234.611529975,1
2023-03-05 16:00:00,0.33866,0.34048,0.32916,0.33588,15543815.0821,5202269.66229077,5202269.66229077,1
2023-03-04 16:00:00,0.3398,0.34297,0.33024,0.33868,14757161.0451,4980893.989918781,4980893.989918781,1
2023-03-03 16:00:00,0.33742,0.34483,0.33668,0.33975,12197214.0795,4156085.919817656,4156085.919817656,1
2023-03-02 16:00:00,0.34794,0.3516,0.31864,0.33743,41222428.1604,13802115.642159644,13802115.642159644,1
2023-03-01 16:00:00,0.36134,0.36206,0.34657,0.34798,16078901.8576,5705414.80514009,5705414.80514009,1
2023-02-28 16:00:00,0.36294,0.3644,0.34844,0.36143,21478870.6146,7668186.70236664,7668186.70236664,1
2023-02-27 16:00:00,0.36612,0.36788,0.35738,0.36293,16635458.1269,6032643.07237937,6032643.07237937,1
2023-02-26 16:00:00,0.36235,0.37032,0.35861,0.36598,16750486.7951,6120320.13455221,6120320.13455221,1
2023-02-25 16:00:00,0.36411,0.3657,0.35105,0.36235,18570671.2484,6671411.14622455,6671411.14622455,1
2023-02-24 16:00:00,0.37193,0.37211,0.358,0.36412,26699598.1434,9732774.8468044,9732774.8468044,1
2023-02-23 16:00:00,0.38518,0.38541,0.37108,0.37195,21639412.7993,8231150.9140325,8231150.9140325,1
2023-02-22 16:00:00,0.37966,0.3948,0.37779,0.38531,21435549.7592,8293177.41504462,8293177.41504462,1
2023-02-21 16:00:00,0.39284,0.39649,0.3769,0.37972,27420915.31,10607213.76585469,10607213.76585469,1
2023-02-20 16:00:00,0.4071,0.40839,0.38944,0.39288,25326303.7403,10137208.89943767,10137208.89943767,1
2023-02-19 16:00:00,0.41083,0.41201,0.38918,0.40705,27877504.4862,11248743.98880997,11248743.98880997,1
2023-02-18 16:00:00,0.40436,0.41857,0.40058,0.41074,22788555.407,9276699.04732331,9276699.04732331,1
2023-02-17 16:00:00,0.40092,0.40979,0.39654,0.40439,22233077.8825,8966050.87064624,8966050.87064624,1
2023-02-16 16:00:00,0.41246,0.4143,0.38561,0.40103,29722721.7444,11806763.64023819,11806763.64023819,1
2023-02-15 16:00:00,0.39088,0.42162,0.38742,0.41247,36750831.6304,14910784.66898585,14910784.66898585,1
2023-02-14 16:00:00,0.37908,0.39554,0.37598,0.39096,29112925.132,11239269.04251993,11239269.04251993,1
2023-02-13 16:00:00,0.35182,0.38182,0.345,0.37916,25260473.671,9134305.746804,9134305.746804,1
2023-02-12 16:00:00,0.36985,0.37378,0.34658,0.35179,25662419.9626,9196396.18387788,9196396.18387788,1
2023-02-11 16:00:00,0.36211,0.37083,0.35967,0.36993,11007213.6552,4031352.19768882,4031352.19768882,1
2023-02-10 16:00:00,0.36009,0.36557,0.35431,0.36209,16985104.0103,6114345.40069467,6114345.40069467,1
2023-02-09 16:00:00,0.38618,0.38744,0.35376,0.36013,35299780.8552,12909113.82635336,12909113.82635336,1
2023-02-08 16:00:00,0.3925,0.39574,0.37747,0.38607,25032986.0822,9697767.92279085,9697767.92279085,1
2023-02-07 16:00:00,0.38559,0.40372,0.38309,0.39251,30601124.0038,12128473.06951702,12128473.06951702,1
2023-02-06 16:00:00,0.39438,0.39658,0.37933,0.38564,16492793.1259,6388034.10774396,6388034.10774396,1
2023-02-05 16:00:00,0.39083,0.40344,0.38193,0.39426,16234443.0679,6344764.08396776,6344764.08396776,1
2023-02-04 16:00:00,0.40372,0.4055,0.38779,0.39079,21043127.1206,8368718.43119304,8368718.43119304,1
2023-02-03 16:00:00,0.40327,0.40709,0.39747,0.40372,16987580.8294,6838173.17556706,6838173.17556706,1
2023-02-02 16:00:00,0.40477,0.41363,0.39201,0.40332,30753639.4165,12349909.26136354,12349909.26136354,1
2023-02-01 16:00:00,0.37527,0.41008,0.37104,0.40479,48016298.1115,19024547.66495738,19024547.66495738,1
2023-01-31 16:00:00,0.39618,0.4002,0.37333,0.37539,34503938.3549,13324803.70687488,13324803.70687488,1
2023-01-30 16:00:00,0.38232,0.39664,0.3655,0.39594,33749693.4306,12694886.01809347,12694886.01809347,1
2023-01-29 16:00:00,0.3889,0.39909,0.37335,0.38228,33229511.1054,12863567.53544767,12863567.53544767,1
2023-01-28 16:00:00,0.38372,0.39133,0.37685,0.3889,19888757.872,7671676.43634,7671676.43634,1
2023-01-27 16:00:00,0.37822,0.39799,0.37778,0.38376,36382844.0352,14098647.17492579,14098647.17492579,1
2023-01-26 16:00:00,0.37668,0.38292,0.36769,0.37874,26208525.8273,9873265.95647388,9873265.95647388,1
2023-01-25 16:00:00,0.35509,0.38933,0.354,0.37681,45767089.5919,17217828.78380822,17217828.78380822,1
2023-01-24 16:00:00,0.376,0.3806,0.34688,0.35511,36602129.7657,13173788.56128846,13173788.56128846,1
2023-01-23 16:00:00,0.37662,0.38294,0.36971,0.376,25091629.5507,9464706.40341919,9464706.40341919,1
2023-01-22 16:00:00,0.38072,0.38707,0.36858,0.37662,64369090.2616,24251397.70720977,24251397.70720977,1
2023-01-21 16:00:00,0.37056,0.38675,0.36277,0.38072,54030976.1938,20302437.98804627,20302437.98804627,1
2023-01-20 16:00:00,0.34142,0.38007,0.34032,0.37071,68954180.5517,24932140.70583479,24932140.70583479,1
2023-01-19 16:00:00,0.33444,0.34293,0.33293,0.34147,22261962.3328,7522426.87778162,7522426.87778162,1
2023-01-18 16:00:00,0.3387,0.34067,0.32333,0.33445,39727655.29,13161172.7469253,13161172.7469253,1
2023-01-17 16:00:00,0.35294,0.35557,0.33009,0.33866,30084385.6554,10478424.77888189,10478424.77888189,1
2023-01-16 16:00:00,0.34715,0.35768,0.34286,0.35292,31785115.5299,11154308.43730859,11154308.43730859,1
2023-01-15 16:00:00,0.3506,0.36387,0.33764,0.3472,44741058.3756,15725658.44642391,15725658.44642391,1
2023-01-14 16:00:00,0.35162,0.35396,0.33847,0.35063,44247762.5904,15355169.99690734,15355169.99690734,1
2023-01-13 16:00:00,0.33186,0.37,0.32771,0.35163,86818651.8158,30572365.93834853,30572365.93834853,1
2023-01-12 16:00:00,0.32215,0.33519,0.3215,0.33179,39936415.4566,13148707.73409659,13148707.73409659,1
2023-01-11 16:00:00,0.30912,0.33508,0.30785,0.32225,55742117.1934,17932401.87467355,17932401.87467355,1
2023-01-10 16:00:00,0.32026,0.32523,0.30757,0.30912,38730827.7782,12273703.54683292,12273703.54683292,1
2023-01-09 16:00:00,0.32077,0.3248,0.30632,0.32022,65308964.3414,20655903.15053741,20655903.15053741,1
2023-01-08 16:00:00,0.28811,0.34651,0.28562,0.3207,99371884.5316,31519605.84904222,31519605.84904222,1
2023-01-07 16:00:00,0.27515,0.28977,0.27378,0.288,33536429.7557,9456372.94854389,9456372.94854389,1
2023-01-06 16:00:00,0.27338,0.28062,0.27205,0.27515,24126173.0723,6655090.27770626,6655090.27770626,1
2023-01-05 16:00:00,0.26544,0.27736,0.26476,0.27341,33226818.5364,9008844.07044331,9008844.07044331,1
2023-01-04 16:00:00,0.26803,0.27137,0.26208,0.26545,26284835.7946,7011326.32402473,7011326.32402473,1
2023-01-03 16:00:00,0.25365,0.26894,0.25015,0.26803,30199539.0413,7879199.73340417,7879199.73340417,1
2023-01-02 16:00:00,0.25469,0.25655,0.25182,0.25365,14563355.6092,3696616.99532382,3696616.99532382,1
2023-01-01 16:00:00,0.24621,0.25598,0.24612,0.25471,18525117.0441,4653032.62958725,4653032.62958725,1
2022-12-31 16:00:00,0.25032,0.25047,0.24341,0.24616,12969580.5372,3193917.97695551,3193917.97695551,1
2022-12-30 16:00:00,0.24349,0.25216,0.24337,0.25035,17560057.282,4328429.34137331,4328429.34137331,1
2022-12-29 16:00:00,0.24594,0.24644,0.23922,0.24347,25359904.3477,6153907.19488535,6153907.19488535,1
2022-12-28 16:00:00,0.25043,0.25281,0.24169,0.24594,24448811.1343,6027778.20814885,6027778.20814885,1
2022-12-27 16:00:00,0.26051,0.26099,0.24985,0.25045,23229592.6333,5921268.50332141,5921268.50332141,1
2022-12-26 16:00:00,0.26115,0.26658,0.25913,0.26056,13266361.3433,3488582.02631946,3488582.02631946,1
2022-12-25 16:00:00,0.25642,0.26322,0.2546,0.26117,17882189.5591,4641953.98779882,4641953.98779882,1
2022-12-24 16:00:00,0.25841,0.26008,0.25498,0.25641,10983300.0949,2834535.74943475,2834535.74943475,1
2022-12-23 16:00:00,0.25777,0.26052,0.25674,0.25851,11073547.3161,2866834.81056286,2866834.81056286,1
2022-12-22 16:00:00,0.24833,0.26397,0.2479,0.25776,26281608.3134,6755085.62893574,6755085.62893574,1
2022-12-21 16:00:00,0.25225,0.25417,0.24649,0.24835,19517846.1738,4913126.3970171,4913126.3970171,1
2022-12-20 16:00:00,0.26,0.26018,0.24771,0.25223,27291248.1247,6932204.34588117,6932204.34588117,1
2022-12-19 16:00:00,0.26318,0.26367,0.24885,0.26002,30226999.8592,7750555.99579349,7750555.99579349,1
2022-12-18 16:00:00,0.2662,0.26941,0.26173,0.26328,13479564.6651,3575249.70990914,3575249.70990914,1
2022-12-17 16:00:00,0.26439,0.27166,0.261,0.2685,12449309.9989,3306604.97217871,3306604.97217871,1
2022-12-16 16:00:00,0.28438,0.28615,0.25427,0.2644,43060160.2279,11488826.07085986,11488826.07085986,1
2022-12-15 16:00:00,0.30171,0.30237,0.28256,0.28439,25718216.4577,7513639.06440475,7513639.06440475,1
2022-12-14 16:00:00,0.313,0.31411,0.30033,0.30175,20200732.1208,6175469.00536939,6175469.00536939,1
2022-12-13 16:00:00,0.31296,0.3158,0.30395,0.313,21089111.7876,6560443.31874756,6560443.31874756,1
2022-12-12 16:00:00,0.30442,0.31861,0.29902,0.31292,29227232.4211,8986793.24314605,8986793.24314605,1
2022-12-11 16:00:00,0.31262,0.31498,0.30027,0.30443,15310184.5601,4685315.35158495,4685315.35158495,1
2022-12-10 16:00:00,0.31445,0.31499,0.31143,0.31262,5411040.8241,1692163.31107432,1692163.31107432,1
2022-12-09 16:00:00,0.31291,0.31479,0.30888,0.31445,8404904.4264,2618724.7077672,2618724.7077672,1
2022-12-08 16:00:00,0.31127,0.31656,0.31026,0.31291,11984925.9722,3763216.9941612,3763216.9941612,1
2022-12-07 16:00:00,0.31098,0.31276,0.30711,0.31122,13391460.8333,4145881.85514323,4145881.85514323,1
2022-12-06 16:00:00,0.3169,0.31993,0.30667,0.31098,15846418.9564,4959382.20091173,4959382.20091173,1
2022-12-05 16:00:00,0.32165,0.3222,0.31419,0.31687,11956508.9637,3807762.94058277,3807762.94058277,1
2022-12-04 16:00:00,0.32202,0.32907,0.32067,0.32171,15044448.2858,4878144.83866358,4878144.83866358,1
2022-12-03 16:00:00,0.32556,0.32583,0.3171,0.32199,11299395.007,3628094.77819455,3628094.77819455,1
2022-12-02 16:00:00,0.31683,0.32633,0.31584,0.32556,14343971.3818,4597051.97629652,4597051.97629652,1
2022-12-01 16:00:00,0.3159,0.31844,0.31053,0.31688,14627514.7823,4605541.60866041,4605541.60866041,1
2022-11-30 16:00:00,0.31522,0.32097,0.30826,0.31589,21210454.6133,6703712.77407279,6703712.77407279,1
2022-11-29 16:00:00,0.3092,0.31923,0.30568,0.31519,17104927.1482,5359223.42647627,5359223.42647627,1
2022-11-28 16:00:00,0.30451,0.31282,0.30193,0.30927,16743122.628,5163094.49707915,5163094.49707915,1
2022-11-27 16:00:00,0.31861,0.3192,0.3,0.30449,20014273.034,6160336.00175647,6160336.00175647,1
2022-11-26 16:00:00,0.31653,0.31957,0.3109,0.31857,11101486.9592,3509158.55392827,3509158.55392827,1
2022-11-25 16:00:00,0.31498,0.32285,0.31201,0.31642,13554633.1462,4308221.04742771,4308221.04742771,1
2022-11-24 16:00:00,0.3149,0.31732,0.3074,0.31494,18716234.4461,5856123.96029277,5856123.96029277,1
2022-11-23 16:00:00,0.31294,0.32138,0.31096,0.31488,16998021.2093,5376864.5404206,5376864.5404206,1
2022-11-22 16:00:00,0.31521,0.31957,0.30835,0.31288,23674022.658,7445546.41962782,7445546.41962782,1
2022-11-21 16:00:00,0.30999,0.31674,0.29518,0.31524,28889795.6671,8808266.50774938,8808266.50774938,1
2022-11-20 16:00:00,0.31921,0.32031,0.30105,0.31,24657854.5182,7625540.15596741,7625540.15596741,1
2022-11-19 16:00:00,0.32572,0.33215,0.317,0.31923,13288371.1987,4319637.24329686,4319637.24329686,1
2022-11-18 16:00:00,0.32646,0.32729,0.3208,0.32568,11669500.898,3782719.19659235,3782719.19659235,1
2022-11-17 16:00:00,0.32178,0.33243,0.32131,0.32638,15561562.4132,5104576.50396118,5104576.50396118,1
2022-11-16 16:00:00,0.3266,0.33439,0.31861,0.32186,16905761.9131,5529969.96609646,5529969.96609646,1
2022-11-15 16:00:00,0.34275,0.34443,0.324,0.3266,17290233.4015,5814666.51111375,5814666.51111375,1
2022-11-14 16:00:00,0.33056,0.34486,0.32148,0.34264,17519331.4246,5832801.65804915,5832801.65804915,1
2022-11-13 16:00:00,0.33667,0.34184,0.31425,0.3306,32496946.5724,10668120.01004241,10668120.01004241,1
2022-11-12 16:00:00,0.34501,0.34664,0.32673,0.33668,21331588.9844,7211228.6493194,7211228.6493194,1
2022-11-11 16:00:00,0.34899,0.35675,0.33616,0.34494,27688869.9173,9591331.39902749,9591331.39902749,1
2022-11-10 16:00:00,0.37178,0.3774,0.34182,0.34895,33568155.563,12187445.33491708,12187445.33491708,1
2022-11-09 16:00:00,0.35293,0.37955,0.31001,0.37181,71566927.067,24552386.27148741,24552386.27148741,1
2022-11-08 16:00:00,0.39807,0.4154,0.34293,0.35297,98889204.1353,36503425.66106409,36503425.66106409,1
2022-11-07 16:00:00,0.40976,0.41613,0.37206,0.39805,53523472.5609,20978412.14950362,20978412.14950362,1
2022-11-06 16:00:00,0.42405,0.42677,0.39736,0.40976,34517385.2214,14130167.22148708,14130167.22148708,1
2022-11-05 16:00:00,0.42868,0.43773,0.41732,0.42409,26829947.447,11425434.10472439,11425434.10472439,1
2022-11-04 16:00:00,0.40963,0.43542,0.4059,0.4287,48876238.8969,20718732.65848849,20718732.65848849,1
2022-11-03 16:00:00,0.39344,0.42161,0.388,0.40973,62237526.8894,25272512.18872801,25272512.18872801,1
2022-11-02 16:00:00,0.3937,0.40934,0.38,0.39348,55924421.6852,22003997.69032907,22003997.69032907,1
2022-11-01 16:00:00,0.40319,0.40448,0.38686,0.39375,35932857.2618,14268232.93976305,14268232.93976305,1
2022-10-31 16:00:00,0.405,0.41562,0.40056,0.4032,33687993.2629,13722298.48535281,13722298.48535281,1
2022-10-30 16:00:00,0.4029,0.41631,0.39752,0.40498,42897797.0629,17397340.10780863,17397340.10780863,1
2022-10-29 16:00:00,0.40855,0.44,0.40168,0.40292,58531247.5359,24516462.55197575,24516462.55197575,1
2022-10-28 16:00:00,0.39667,0.41311,0.39652,0.40854,46204385.5858,18756858.53367905,18756858.53367905,1
2022-10-27 16:00:00,0.39906,0.40351,0.37793,0.39667,43384100.015,16866823.87904913,16866823.87904913,1
2022-10-26 16:00:00,0.40725,0.4194,0.39831,0.39908,51921077.4408,21069979.777618,21069979.777618,1
2022-10-25 16:00:00,0.37346,0.41819,0.37346,0.40725,150347581.2532,60650279.50876803,60650279.50876803,1
2022-10-24 16:00:00,0.3579,0.376,0.3565,0.37345,29258465.6605,10630786.24641532,10630786.24641532,1
2022-10-23 16:00:00,0.35126,0.36503,0.34934,0.35793,30717831.7946,11018617.48936287,11018617.48936287,1
2022-10-22 16:00:00,0.35004,0.35675,0.34595,0.35129,23957061.8846,8412448.05940779,8412448.05940779,1
2022-10-21 16:00:00,0.34322,0.35383,0.34059,0.35006,30070261.1763,10456440.98902464,10456440.98902464,1
2022-10-20 16:00:00,0.35274,0.35275,0.32975,0.3432,50978367.6033,17298630.81663556,17298630.81663556,1
2022-10-19 16:00:00,0.35791,0.35917,0.34683,0.35274,30975872.5945,10932907.47230142,10932907.47230142,1
2022-10-18 16:00:00,0.36488,0.36633,0.35257,0.35793,38575399.1356,13836930.83746891,13836930.83746891,1
2022-10-17 16:00:00,0.37245,0.37432,0.36273,0.36491,32760613.0481,12090463.23910657,12090463.23910657,1
2022-10-16 16:00:00,0.36611,0.37588,0.36423,0.37245,24650876.0331,9117715.49622437,9117715.49622437,1
2022-10-15 16:00:00,0.36665,0.36964,0.3612,0.36621,19463710.1589,7124245.76247888,7124245.76247888,1
2022-10-14 16:00:00,0.37233,0.37297,0.36069,0.36666,30009521.0401,11007047.9742796,11007047.9742796,1
2022-10-13 16:00:00,0.37602,0.389,0.37125,0.37237,58319001.647,22121788.42812209,22121788.42812209,1
2022-10-12 16:00:00,0.39177,0.39207,0.34862,0.37596,83208320.7379,30726260.03534992,30726260.03534992,1
2022-10-11 16:00:00,0.39923,0.40154,0.38819,0.39178,30335132.3874,11936000.70670294,11936000.70670294,1
2022-10-10 16:00:00,0.41582,0.4163,0.38328,0.39924,53369233.589,21287705.56607728,21287705.56607728,1
2022-10-09 16:00:00,0.42368,0.42695,0.41194,0.41586,24357667.8063,10216991.34639934,10216991.34639934,1
2022-10-08 16:00:00,0.42491,0.42627,0.4188,0.42356,17934190.5212,7572851.98313331,7572851.98313331,1
2022-10-07 16:00:00,0.42401,0.42713,0.42155,0.4249,19602113.3133,8323643.11761832,8323643.11761832,1
2022-10-06 16:00:00,0.42923,0.43225,0.42128,0.42402,29134096.5114,12426817.14778959,12426817.14778959,1
2022-10-05 16:00:00,0.42821,0.43711,0.4266,0.42925,31248357.6915,13487720.96487522,13487720.96487522,1
2022-10-04 16:00:00,0.43178,0.43766,0.4236,0.42819,33348443.6388,14383733.49976077,14383733.49976077,1
2022-10-03 16:00:00,0.42452,0.43527,0.42348,0.43176,31364925.9566,13469789.62931158,13469789.62931158,1
2022-10-02 16:00:00,0.42348,0.42949,0.41567,0.42448,35511558.5907,15015624.24446252,15015624.24446252,1
2022-10-01 16:00:00,0.43178,0.43279,0.41904,0.42351,23659844.1846,10124825.49421123,10124825.49421123,1
2022-09-30 16:00:00,0.43556,0.437,0.42934,0.43173,27143079.9208,11750715.99613509,11750715.99613509,1
2022-09-29 16:00:00,0.43323,0.44146,0.42934,0.43557,38551427.4474,16794603.69977522,16794603.69977522,1
2022-09-28 16:00:00,0.43679,0.44067,0.42771,0.43327,42314523.6823,18401475.50000791,18401475.50000791,1
2022-09-27 16:00:00,0.45322,0.45405,0.42461,0.43674,54401610.7293,23693853.19411766,23693853.19411766,1
2022-09-26 16:00:00,0.44549,0.4632,0.4426,0.45326,42234753.6154,19187535.90919233,19187535.90919233,1
2022-09-25 16:00:00,0.45205,0.4551,0.43645,0.44552,51402169.8709,22867363.83305258,22867363.83305258,1
2022-09-24 16:00:00,0.46141,0.46391,0.45019,0.45206,31526710.4642,14404925.25933473,14404925.25933473,1
2022-09-23 16:00:00,0.45195,0.46899,0.44673,0.46143,43504921.4339,19976513.58260893,19976513.58260893,1
2022-09-22 16:00:00,0.45014,0.48267,0.446,0.45198,75019701.571,34545594.57802934,34545594.57802934,1
2022-09-21 16:00:00,0.44358,0.46475,0.42874,0.45013,74072384.5145,33064451.19103189,33064451.19103189,1
2022-09-20 16:00:00,0.44868,0.46343,0.43718,0.44359,55664353.0375,25010411.23721204,25010411.23721204,1
2022-09-19 16:00:00,0.44705,0.45738,0.43738,0.44864,31628163.6126,14153199.56541917,14153199.56541917,1
2022-09-18 16:00:00,0.46918,0.47034,0.43278,0.44723,65460476.7125,29223111.38076929,29223111.38076929,1
2022-09-17 16:00:00,0.48099,0.49034,0.46793,0.46918,31140252.9491,14960228.37911244,14960228.37911244,1
2022-09-16 16:00:00,0.46139,0.4864,0.45445,0.48097,32128217.4811,15210310.61994137,15210310.61994137,1
2022-09-15 16:00:00,0.46729,0.47097,0.45413,0.4616,28136607.8056,13056955.08938611,13056955.08938611,1
2022-09-14 16:00:00,0.48205,0.48523,0.462,0.46725,40959276.8932,19437396.55837424,19437396.55837424,1
2022-09-13 16:00:00,0.46984,0.48695,0.46109,0.48202,48024561.2113,22704038.74746929,22704038.74746929,1
2022-09-12 16:00:00,0.5046,0.51094,0.46461,0.46981,57869885.067,28459759.63095578,28459759.63095578,1
2022-09-11 16:00:00,0.51112,0.51959,0.4986,0.50465,44764429.0231,22824087.61441586,22824087.61441586,1
2022-09-10 16:00:00,0.5144,0.52,0.50154,0.51111,36991612.9347,18957071.10102263,18957071.10102263,1
2022-09-09 16:00:00,0.49326,0.5242,0.48719,0.51444,53250705.4862,27121988.40788486,27121988.40788486,1
2022-09-08 16:00:00,0.4702,0.50489,0.46609,0.49326,45238650.6826,22069355.2899006,22069355.2899006,1
2022-09-07 16:00:00,0.46714,0.48206,0.4627,0.47014,40724792.6475,19266558.82967921,19266558.82967921,1
2022-09-06 16:00:00,0.49617,0.49693,0.45356,0.467,41436797.8557,19294131.39662099,19294131.39662099,1
2022-09-05 16:00:00,0.49195,0.51214,0.48692,0.49614,30358275.6367,15147910.87815652,15147910.87815652,1
2022-09-04 16:00:00,0.50031,0.50775,0.4826,0.49195,23468461.9301,11602553.71970216,11602553.71970216,1
2022-09-03 16:00:00,0.47881,0.51,0.47576,0.50044,39715377.369,19520032.62790383,19520032.62790383,1
2022-09-02 16:00:00,0.46523,0.48112,0.44855,0.47876,29085025.9936,13567592.98366597,13567592.98366597,1
2022-09-01 16:00:00,0.44676,0.46662,0.44458,0.46523,19297429.0319,8826244.48392004,8826244.48392004,1
2022-08-31 16:00:00,0.45436,0.46227,0.44069,0.44676,30169020.8182,13549842.03369494,13549842.03369494,1
2022-08-30 16:00:00,0.44692,0.46339,0.43829,0.4544,26500497.8484,12034633.7973615,12034633.7973615,1
2022-08-29 16:00:00,0.44605,0.46306,0.4397,0.44695,22830255.6587,10290690.94976906,10290690.94976906,1
2022-08-28 16:00:00,0.445,0.44932,0.4235,0.44599,35398647.651,15426284.85658163,15426284.85658163,1
2022-08-27 16:00:00,0.44274,0.45434,0.43671,0.44495,22543422.5556,10050540.20569624,10050540.20569624,1
2022-08-26 16:00:00,0.45122,0.45193,0.4255,0.44278,52868917.8552,23223616.79576151,23223616.79576151,1
2022-08-25 16:00:00,0.46204,0.48254,0.44635,0.45121,52350298.3788,24542537.31112067,24542537.31112067,1
2022-08-24 16:00:00,0.46514,0.46972,0.45648,0.46203,18857105.2319,8737739.26619788,8737739.26619788,1
2022-08-23 16:00:00,0.46089,0.4699,0.45347,0.46508,19952471.076,9178363.51796202,9178363.51796202,1
2022-08-22 16:00:00,0.4536,0.46708,0.44543,0.46101,22416627.7687,10230389.32536076,10230389.32536076,1
2022-08-21 16:00:00,0.46115,0.4725,0.4374,0.45365,31892914.0203,14486181.55734258,14486181.55734258,1
2022-08-20 16:00:00,0.45523,0.46693,0.4348,0.46118,27553021.0553,12455288.26016864,12455288.26016864,1
2022-08-19 16:00:00,0.46605,0.47455,0.446,0.45528,37594910.2011,17244623.41338361,17244623.41338361,1
2022-08-18 16:00:00,0.53771,0.53796,0.45706,0.46601,52136588.3144,25363904.07461754,25363904.07461754,1
2022-08-17 16:00:00,0.53596,0.54406,0.53137,0.5377,16914129.619,9103808.33794012,9103808.33794012,1
2022-08-16 16:00:00,0.55986,0.58219,0.53012,0.53601,39263829.2539,21815585.62558302,21815585.62558302,1
2022-08-15 16:00:00,0.56452,0.57042,0.54259,0.55986,21620775.5689,12058390.20908,12058390.20908,1
2022-08-14 16:00:00,0.57904,0.58206,0.54457,0.56458,27005615.6535,15216853.24166966,15216853.24166966,1
2022-08-13 16:00:00,0.55993,0.59489,0.55334,0.57904,35045782.9888,20299263.16795951,20299263.16795951,1
2022-08-12 16:00:00,0.53166,0.56792,0.52955,0.55998,31160999.132,17203888.07474265,17203888.07474265,1
2022-08-11 16:00:00,0.53581,0.54144,0.52036,0.53182,17009741.7722,9024343.82370916,9024343.82370916,1
2022-08-10 16:00:00,0.53456,0.5477,0.5258,0.53581,23500249.5168,12685317.14509924,12685317.14509924,1
2022-08-09 16:00:00,0.51015,0.53891,0.50206,0.53455,22499864.6204,11737606.25792669,11737606.25792669,1
2022-08-08 16:00:00,0.53423,0.54149,0.50557,0.51021,20257920.4941,10677909.87049048,10677909.87049048,1
2022-08-07 16:00:00,0.5188,0.54935,0.51823,0.53424,28020451.1548,15034811.45585036,15034811.45585036,1
2022-08-06 16:00:00,0.51794,0.52136,0.50619,0.5188,12494488.7038,6437388.4957516,6437388.4957516,1
2022-08-05 16:00:00,0.50697,0.52379,0.50513,0.51799,13655808.9776,7045106.11306142,7045106.11306142,1
2022-08-04 16:00:00,0.5016,0.51934,0.49355,0.50686,19449684.5062,9856968.40142052,9856968.40142052,1
2022-08-03 16:00:00,0.50935,0.51668,0.49576,0.5016,16058405.7453,8112845.77322838,8112845.77322838,1
2022-08-02 16:00:00,0.50074,0.51606,0.48883,0.50935,22403714.279,11271675.01601608,11271675.01601608,1
2022-08-01 16:00:00,0.51576,0.51607,0.4883,0.50073,27870012.0939,13930213.8335559,13930213.8335559,1
2022-07-31 16:00:00,0.53043,0.54449,0.5035,0.51581,31108816.4954,16257314.15788772,16257314.15788772,1
2022-07-30 16:00:00,0.5464,0.55232,0.52013,0.53043,29572042.4401,15737277.98795906,15737277.98795906,1
2022-07-29 16:00:00,0.52725,0.55609,0.50866,0.54658,46013119.7442,24262591.47466472,24262591.47466472,1
2022-07-28 16:00:00,0.51219,0.54554,0.50664,0.52716,68483565.7554,35874427.48450842,35874427.48450842,1
2022-07-27 16:00:00,0.47115,0.51857,0.46135,0.51219,64567999.8428,32158479.0649647,32158479.0649647,1
2022-07-26 16:00:00,0.45113,0.47656,0.45077,0.47117,28224078.3408,13102045.08852653,13102045.08852653,1
2022-07-25 16:00:00,0.49119,0.49742,0.451,0.45115,41582754.1548,19629276.38280486,19629276.38280486,1
2022-07-24 16:00:00,0.5276,0.52791,0.48454,0.4912,33104618.1349,16616921.51223921,16616921.51223921,1
2022-07-23 16:00:00,0.4836,0.53682,0.47563,0.52763,55505801.0195,28388565.62359354,28388565.62359354,1
2022-07-22 16:00:00,0.4921,0.49845,0.47291,0.4836,36171361.223,17587214.20790112,17587214.20790112,1
2022-07-21 16:00:00,0.48284,0.51129,0.48269,0.49205,42617170.1068,21252360.68409984,21252360.68409984,1
2022-07-20 16:00:00,0.52788,0.52884,0.47542,0.48285,50040631.5655,24631909.90393332,24631909.90393332,1
2022-07-19 16:00:00,0.50241,0.54891,0.50098,0.52789,67132260.7333,35120843.62565138,35120843.62565138,1
2022-07-18 16:00:00,0.49705,0.50989,0.46734,0.50226,59087810.8152,28873322.8379724,28873322.8379724,1
2022-07-17 16:00:00,0.45055,0.49949,0.44201,0.49705,53694599.1367,25526629.81361426,25526629.81361426,1
2022-07-16 16:00:00,0.4455,0.4658,0.4455,0.45055,29226178.438,13290595.74816069,13290595.74816069,1
2022-07-15 16:00:00,0.4373,0.45363,0.43151,0.44549,20499251.677,9021028.61214334,9021028.61214334,1
2022-07-14 16:00:00,0.43151,0.44937,0.42814,0.43732,35224456.3658,15526601.83995609,15526601.83995609,1
2022-07-13 16:00:00,0.41686,0.44192,0.4141,0.4315,29967105.5657,12798204.60588895,12798204.60588895,1
